#Annotated with Bakta v1.11.4, https://github.com/oschwengers/bakta
#Database v6.0, https://doi.org/10.5281/zenodo.4247252
#Sequence Id	Start	Stop	Strand	Locus Tag	Mol Weight [kDa]	Iso El. Point	Pfam hits	Dbxrefs
contig_1	3763	4005	+	BOFHPH_00005	9.5	10.3		
contig_1	6312	7205	+	BOFHPH_00009	34.0	6.8	PF00165.29|HTH_AraC, PF06445.20|GyrI-like, PF12833.13|HTH_18, PF14526.11|Cass2	PFAM:PF00165.29, PFAM:PF06445.20, PFAM:PF12833.13, PFAM:PF14526.11
contig_1	7142	7321	-	BOFHPH_00010	7.1	9.6		
contig_1	22438	22575	+	BOFHPH_00025	5.2	9.7		
contig_1	22967	23458	+	BOFHPH_00026	18.6	10.4		
contig_1	24723	24986	-	BOFHPH_00029	9.8	5.4	PF14542.12|Acetyltransf_CG	PFAM:PF14542.12
contig_1	40190	40942	-	BOFHPH_00038	29.0	7.6	PF16344.10|FecR_C	PFAM:PF16344.10
contig_1	41560	42108	+	BOFHPH_00040	21.9	6.3	PF04542.20|Sigma70_r2, PF04545.22|Sigma70_r4, PF08281.18|Sigma70_r4_2	PFAM:PF04542.20, PFAM:PF04545.22, PFAM:PF08281.18
contig_1	50322	50615	-	BOFHPH_00045	10.9	10.7		
contig_1	60389	60514	-	BOFHPH_00054	4.7	9.7		
contig_1	60578	60898	+	BOFHPH_00055	12.2	4.7		SO:0001217, UniRef:UniRef50_H1Q102
contig_1	82242	85205	-	BOFHPH_00074	112.5	6.1	PF02463.25|SMC_N, PF13476.12|AAA_23, PF13555.12|AAA_29, PF13558.12|SbcC_Walker_B	PFAM:PF02463.25, PFAM:PF13476.12, PFAM:PF13555.12, PFAM:PF13558.12
contig_1	102657	103211	-	BOFHPH_00085	21.1	9.3		SO:0001217, UniRef:UniRef50_A0A0I9S5Q6
contig_1	107384	107764	-	BOFHPH_00089	14.4	9.1	PF22544.2|HYDIN_VesB_CFA65-like_Ig	PFAM:PF22544.2
contig_1	109186	109341	-	BOFHPH_00092	6.1	5.6		
contig_1	113546	113746	-	BOFHPH_00098	7.6	8.6		
contig_1	132014	132550	+	BOFHPH_00115	20.1	7.8		SO:0001217, UniRef:UniRef50_I9VNF4
contig_1	150585	150710	-	BOFHPH_00130	4.8	6.0		
contig_1	163201	163521	-	BOFHPH_00143	12.4	9.3		
contig_1	168944	170488	-	BOFHPH_00149	58.4	9.5		
contig_1	170501	171253	-	BOFHPH_00150	29.2	9.0		
contig_1	171489	172517	-	BOFHPH_00151	39.7	9.5	PF13692.12|Glyco_trans_1_4	PFAM:PF13692.12
contig_1	175943	176371	-	BOFHPH_00155	16.2	6.1	PF01467.32|CTP_transf_like	PFAM:PF01467.32
contig_1	177570	178502	-	BOFHPH_00157	35.9	5.9	PF00535.33|Glycos_transf_2, PF13641.12|Glyco_tranf_2_3	PFAM:PF00535.33, PFAM:PF13641.12
contig_1	209480	209659	+	BOFHPH_00183	6.9	9.6		
contig_1	213784	215655	-	BOFHPH_00189	70.8	9.3	PF07715.20|Plug	PFAM:PF07715.20
contig_1	216873	217478	-	BOFHPH_00191	22.4	8.7	PF03938.19|OmpH	PFAM:PF03938.19
contig_1	320754	323174	-	BOFHPH_00266	86.0	4.9		
contig_1	323333	324349	-	BOFHPH_00267	37.7	5.6		
contig_1	324346	325617	-	BOFHPH_00268	48.6	9.8		
contig_1	331557	331802	-	BOFHPH_00273	9.0	9.4		
contig_1	368092	368619	+	BOFHPH_00296	19.4	8.9	PF09851.14|SHOCT	PFAM:PF09851.14
contig_1	368633	369205	+	BOFHPH_00297	22.0	8.9		
contig_1	391408	392169	+	BOFHPH_00312	29.5	5.4	PF00149.33|Metallophos	PFAM:PF00149.33
contig_1	392208	392537	+	BOFHPH_00313	12.5	9.1		
contig_1	392583	392996	+	BOFHPH_00314	15.8	8.6	PF06250.17|YhcG_C	PFAM:PF06250.17
contig_1	393334	395055	-	BOFHPH_00315	67.4	8.4	PF00293.34|NUDIX, PF04055.27|Radical_SAM, PF13353.11|Fer4_12	PFAM:PF00293.34, PFAM:PF04055.27, PFAM:PF13353.11
contig_1	395740	396063	+	BOFHPH_00316	12.3	9.2		
contig_1	396299	396547	-	BOFHPH_00317	9.4	4.6		
contig_1	396708	396845	-	BOFHPH_00318	5.3	10.0	PF01381.28|HTH_3, PF13560.12|HTH_31, PF13744.12|HTH_37	PFAM:PF01381.28, PFAM:PF13560.12, PFAM:PF13744.12
contig_1	398555	400867	+	BOFHPH_00320	87.6	8.3	PF02687.27|FtsX, PF12704.14|MacB_PCD	PFAM:PF02687.27, PFAM:PF12704.14, SO:0001217, UniRef:UniRef50_U6RM15
contig_1	402467	402586	-	BOFHPH_00323	4.4	10.0		
contig_1	405982	406281	-	BOFHPH_00326	11.0	5.8		
contig_1	414750	417974	+	BOFHPH_00335	124.1	5.3	PF07980.17|SusD_RagB, PF14322.12|SusD-like_3	PFAM:PF07980.17, PFAM:PF14322.12
contig_1	447893	448027	-	BOFHPH_00352	5.1	9.2		
contig_1	450912	451319	+	BOFHPH_00354	14.7	10.3		
contig_1	456101	456526	+	BOFHPH_00359	15.7	8.3	PF19762.4|DUF6249	PFAM:PF19762.4
contig_1	464514	464615	+	BOFHPH_00367	4.1	7.9		
contig_1	472448	472990	+	BOFHPH_00374	20.9	9.7		
contig_1	474004	474165	-	BOFHPH_00376	6.1	6.5		
contig_1	475806	476111	+	BOFHPH_00379	12.0	9.7		
contig_1	500190	500396	+	BOFHPH_00397	7.8	11.0		
contig_1	500475	501461	-	BOFHPH_00398	37.6	5.8	PF00515.34|TPR_1, PF07719.23|TPR_2, PF13174.12|TPR_6, PF13181.12|TPR_8, PF13371.12|TPR_9, PF13414.12|TPR_11, PF13424.12|TPR_12, PF13428.12|TPR_14, PF13431.12|TPR_17, PF13432.12|TPR_16, PF14559.12|TPR_19, PF25062.1|ARM_TT21_N	PFAM:PF00515.34, PFAM:PF07719.23, PFAM:PF13174.12, PFAM:PF13181.12, PFAM:PF13371.12, PFAM:PF13414.12, PFAM:PF13424.12, PFAM:PF13428.12, PFAM:PF13431.12, PFAM:PF13432.12, PFAM:PF14559.12, PFAM:PF25062.1
contig_1	522252	522524	-	BOFHPH_00414	9.3	7.4		
contig_2	57451	57603	-	BOFHPH_00447	6.3	9.8		
contig_2	58742	60082	-	BOFHPH_00449	50.6	5.0	PF00515.34|TPR_1, PF07719.23|TPR_2, PF09295.16|ChAPs, PF12569.14|NatA_aux_su, PF12895.13|ANAPC3, PF13174.12|TPR_6, PF13176.12|TPR_7, PF13181.12|TPR_8, PF13371.12|TPR_9, PF13374.12|TPR_10, PF13414.12|TPR_11, PF13424.12|TPR_12, PF13428.12|TPR_14, PF13431.12|TPR_17, PF13432.12|TPR_16, PF14559.12|TPR_19, PF23914.1|TPR_CcmH_CycH	PFAM:PF00515.34, PFAM:PF07719.23, PFAM:PF09295.16, PFAM:PF12569.14, PFAM:PF12895.13, PFAM:PF13174.12, PFAM:PF13176.12, PFAM:PF13181.12, PFAM:PF13371.12, PFAM:PF13374.12, PFAM:PF13414.12, PFAM:PF13424.12, PFAM:PF13428.12, PFAM:PF13431.12, PFAM:PF13432.12, PFAM:PF14559.12, PFAM:PF23914.1, SO:0001217, UniRef:UniRef50_A0A3A5YZ46
contig_2	60104	60319	-	BOFHPH_00450	7.6	4.5		SO:0001217, UniRef:UniRef50_A0A1M4XI43
contig_2	60312	60713	-	BOFHPH_00451	15.4	9.3		
contig_2	93236	94243	+	BOFHPH_00479	38.6	6.3	PF13098.12|Thioredoxin_2, PF13905.12|Thioredoxin_8, PF17127.10|DUF5106	PFAM:PF13098.12, PFAM:PF13905.12, PFAM:PF17127.10
contig_2	111877	112017	+	BOFHPH_00495	5.6	8.6		
contig_2	123216	124373	-	BOFHPH_00503	40.8	9.7		
contig_2	131604	131942	-	BOFHPH_00510	13.0	9.7		SO:0001217, UniRef:UniRef50_E1WUX6
contig_2	135198	135761	+	BOFHPH_00516	22.0	6.3		
contig_2	137289	138092	+	BOFHPH_00518	31.7	6.0	PF13508.13|Acetyltransf_7, PF13673.13|Acetyltransf_10	PFAM:PF13508.13, PFAM:PF13673.13
contig_2	139397	139606	+	BOFHPH_00521	7.7	4.6	PF00550.31|PP-binding	PFAM:PF00550.31
contig_2	139606	140334	+	BOFHPH_00522	26.8	9.0	PF00106.31|adh_short, PF13561.12|adh_short_C2, PF23441.1|SDR	PFAM:PF00106.31, PFAM:PF13561.12, PFAM:PF23441.1
contig_2	140347	141198	+	BOFHPH_00523	32.7	5.6	PF02522.19|Antibiotic_NAT	PFAM:PF02522.19
contig_2	141202	141822	+	BOFHPH_00524	23.3	4.9	PF00753.33|Lactamase_B	PFAM:PF00753.33
contig_2	142919	143899	+	BOFHPH_00526	38.4	8.5	PF00535.33|Glycos_transf_2, PF13641.12|Glyco_tranf_2_3	PFAM:PF00535.33, PFAM:PF13641.12
contig_2	145524	146750	+	BOFHPH_00528	46.8	9.0	PF13439.12|Glyco_transf_4	PFAM:PF13439.12
contig_2	149041	150402	+	BOFHPH_00531	52.0	8.9		
contig_2	150414	151541	+	BOFHPH_00532	43.4	8.1	PF13692.12|Glyco_trans_1_4	PFAM:PF13692.12
contig_2	159633	160112	+	BOFHPH_00539	17.2	9.2	PF00216.26|Bac_DNA_binding, PF14908.11|HU-CCDC81_euk_1, PF18291.6|HU-HIG	PFAM:PF00216.26, PFAM:PF14908.11, PFAM:PF18291.6
contig_2	173481	173588	+	BOFHPH_00552	4.1	6.5		
contig_2	173787	174053	+	BOFHPH_00553	9.9	6.7		
contig_2	174198	174716	+	BOFHPH_00554	20.4	8.9		
contig_2	175643	176797	+	BOFHPH_00556	43.2	6.5		SO:0001217, UniRef:UniRef50_A0A9D2VNY9
contig_2	185252	185464	+	BOFHPH_00565	8.2	9.6		
contig_2	225958	226086	+	BOFHPH_00597	4.9	5.5		
contig_2	234733	234831	-	BOFHPH_00604	3.7	9.5		
contig_2	238940	239056	+	BOFHPH_00607	4.3	5.3		
contig_2	239567	239749	-	BOFHPH_00608	7.0	5.0		
contig_2	241914	242225	+	BOFHPH_00610	11.8	8.2		SO:0001217, UniRef:UniRef50_A0A081TXK2
contig_2	243397	244293	+	BOFHPH_00612	31.8	4.7		
contig_2	248021	249082	+	BOFHPH_00616	39.9	5.9		
contig_2	249086	249448	+	BOFHPH_00617	13.5	4.7	PF00962.28|A_deaminase	PFAM:PF00962.28
contig_2	249575	249796	+	BOFHPH_00618	8.0	8.5		
contig_2	250655	250870	+	BOFHPH_00621	7.9	4.5		
contig_2	256463	256747	+	BOFHPH_00630	11.0	8.9		SO:0001217, UniRef:UniRef50_R9HHM2
contig_2	257072	257446	+	BOFHPH_00632	13.9	7.9		
contig_2	257559	257894	+	BOFHPH_00633	12.3	7.7		
contig_2	263056	264660	+	BOFHPH_00639	57.4	5.7	PF13004.13|BACON, PF18998.6|Flg_new_2	PFAM:PF13004.13, PFAM:PF18998.6
contig_2	264679	265476	+	BOFHPH_00640	28.9	5.4		
contig_2	265492	265800	+	BOFHPH_00641	11.0	9.9		
contig_2	271989	272177	+	BOFHPH_00649	7.1	4.7		SO:0001217, UniRef:UniRef50_A0A396BR27
contig_2	272178	272621	-	BOFHPH_00650	17.0	9.2		
contig_2	274412	274753	+	BOFHPH_00653	13.3	5.1		SO:0001217, UniRef:UniRef50_R9HA03
contig_2	278799	279077	-	BOFHPH_00657	10.7	7.8		SO:0001217, UniRef:UniRef50_A0A396BU50
contig_2	279856	279996	-	BOFHPH_00659	5.5	9.0		
contig_2	283898	284182	-	BOFHPH_00663	10.7	4.5		
contig_2	293250	293393	+	BOFHPH_00669	5.6	6.5		
contig_2	293679	294083	+	BOFHPH_00670	14.6	5.6		SO:0001217, UniRef:UniRef50_A6KYZ2
contig_2	294089	295405	+	BOFHPH_00671	48.4	9.8		
contig_2	298613	298966	+	BOFHPH_00673	13.2	9.6		SO:0001217, UniRef:UniRef50_I9BFK9
contig_2	303738	303980	+	BOFHPH_00678	9.2	4.8		SO:0001217, UniRef:UniRef50_D4IMZ0
contig_2	304897	305166	+	BOFHPH_00680	10.5	5.1		
contig_2	308348	309265	-	BOFHPH_00684	35.9	9.4	PF13102.12|Phage_int_SAM_5, PF17293.8|Arm-DNA-bind_5	PFAM:PF13102.12, PFAM:PF17293.8
contig_2	318322	318549	-	BOFHPH_00693	8.5	4.4		
contig_2	322663	322779	-	BOFHPH_00701	4.5	9.4		
contig_2	339398	340513	-	BOFHPH_00713	42.8	8.9	PF13692.12|Glyco_trans_1_4	PFAM:PF13692.12
contig_2	350917	352107	-	BOFHPH_00721	45.3	9.6	PF01103.29|Omp85	PFAM:PF01103.29
contig_2	356808	357485	+	BOFHPH_00725	24.4	5.0	PF04205.19|FMN_bind	PFAM:PF04205.19
contig_2	368825	369397	+	BOFHPH_00737	21.2	6.0	PF00881.29|Nitroreductase	PFAM:PF00881.29
contig_2	374744	375133	-	BOFHPH_00742	15.4	10.0		
contig_2	385475	385870	-	BOFHPH_00750	14.5	9.0	PF22544.2|HYDIN_VesB_CFA65-like_Ig	PFAM:PF22544.2
contig_2	393490	393648	+	BOFHPH_00756	6.1	6.0		
contig_2	403051	403152	-	BOFHPH_00769	3.7	9.8		
contig_2	403481	403651	+	BOFHPH_00771	6.7	8.9		
contig_2	404299	404535	+	BOFHPH_00773	8.9	9.2		
contig_2	419002	419283	-	BOFHPH_00782	11.1	7.8		
contig_2	419234	419572	-	BOFHPH_00783	12.6	6.2	PF00892.27|EamA	PFAM:PF00892.27
contig_2	420743	421066	-	BOFHPH_00786	12.9	7.8		SO:0001217, UniRef:UniRef50_I9B3T9
contig_2	422134	422529	+	BOFHPH_00788	15.2	7.7		
contig_3	31	294	-	BOFHPH_00791	9.8	10.0		
contig_3	559	1251	-	BOFHPH_00792	26.6	9.6		
contig_3	1609	1902	+	BOFHPH_00793	11.5	5.9	PF12728.13|HTH_17	PFAM:PF12728.13
contig_3	2292	2711	+	BOFHPH_00795	15.2	4.8		
contig_3	2695	5943	+	BOFHPH_00796	124.9	5.5	PF12770.12|CHAT	PFAM:PF12770.12
contig_3	10196	10315	-	BOFHPH_00801	4.7	4.8		
contig_3	16888	17373	-	BOFHPH_00805	17.8	6.2		
contig_3	21437	21952	-	BOFHPH_00808	20.0	4.9	PF00578.27|AhpC-TSA	PFAM:PF00578.27
contig_3	22017	22190	-	BOFHPH_00809	6.6	9.8		
contig_3	22218	22880	-	BOFHPH_00810	25.4	9.2		
contig_3	25217	26125	-	BOFHPH_00812	34.1	5.1		
contig_3	26408	26962	+	BOFHPH_00813	21.4	5.5	PF04542.20|Sigma70_r2, PF04545.22|Sigma70_r4, PF08281.18|Sigma70_r4_2	PFAM:PF04542.20, PFAM:PF04545.22, PFAM:PF08281.18
contig_3	26969	27925	+	BOFHPH_00814	36.3	5.7	PF16344.10|FecR_C	PFAM:PF16344.10
contig_3	30887	31690	-	BOFHPH_00816	31.1	9.0	PF13102.12|Phage_int_SAM_5, PF17293.8|Arm-DNA-bind_5	PFAM:PF13102.12, PFAM:PF17293.8
contig_3	36753	37187	+	BOFHPH_00822	15.9	9.0	PF13102.12|Phage_int_SAM_5	PFAM:PF13102.12
contig_3	69397	69492	+	BOFHPH_00847	3.6	9.7		
contig_3	70704	71171	+	BOFHPH_00849	17.0	9.2	PF00216.26|Bac_DNA_binding, PF14908.11|HU-CCDC81_euk_1, PF18291.6|HU-HIG	PFAM:PF00216.26, PFAM:PF14908.11, PFAM:PF18291.6
contig_3	76168	77379	+	BOFHPH_00854	46.0	8.8	PF02493.26|MORN	PFAM:PF02493.26
contig_3	87257	87364	+	BOFHPH_00862	4.0	6.5		
contig_3	93727	94785	-	BOFHPH_00869	39.7	6.8	PF01408.29|GFO_IDH_MocA, PF02894.22|GFO_IDH_MocA_C, PF03447.22|NAD_binding_3, PF22725.1|GFO_IDH_MocA_C3	PFAM:PF01408.29, PFAM:PF02894.22, PFAM:PF03447.22, PFAM:PF22725.1
contig_3	101022	101231	-	BOFHPH_00876	8.0	6.1	PF10771.15|DUF2582	PFAM:PF10771.15
contig_3	128088	128420	+	BOFHPH_00899	13.1	5.0		
contig_3	133999	134109	+	BOFHPH_00905	4.3	4.1		
contig_3	157834	158010	+	BOFHPH_00927	6.9	9.5		
contig_3	160108	160542	-	BOFHPH_00931	16.4	6.4		
contig_3	163460	163909	+	BOFHPH_00938	17.0	9.9		SO:0001217, UniRef:UniRef50_Q64TW7
contig_3	166462	166611	+	BOFHPH_00942	5.9	10.0		
contig_3	166595	166789	-	BOFHPH_00943	7.1	8.9		
contig_3	166814	166912	+	BOFHPH_00944	4.1	9.7		
contig_3	167153	167371	+	BOFHPH_00946	8.2	5.4		SO:0001217, UniRef:UniRef50_Q5CZG0
contig_3	167400	167612	+	BOFHPH_00947	8.2	4.7		
contig_3	167630	167797	+	BOFHPH_00948	6.7	9.4		
contig_3	168263	168421	+	BOFHPH_00950	6.2	4.2		
contig_3	168456	168689	+	BOFHPH_00951	8.6	9.7	PF02810.21|SEC-C	PFAM:PF02810.21
contig_3	170392	170577	+	BOFHPH_00954	7.4	9.9		SO:0001217, UniRef:UniRef50_D1JNG1
contig_3	170593	171084	+	BOFHPH_00955	19.3	9.4		SO:0001217, UniRef:UniRef50_A0A0I9RK12
contig_3	171687	172277	+	BOFHPH_00957	22.1	9.7		
contig_3	172232	172546	+	BOFHPH_00958	11.9	5.3		
contig_3	172573	174789	+	BOFHPH_00959	82.3	5.7		SO:0001217, UniRef:UniRef50_Q64TU8
contig_3	181160	181450	+	BOFHPH_00967	11.2	8.8		
contig_3	183860	184801	+	BOFHPH_00970	35.1	5.4		
contig_3	185601	185996	+	BOFHPH_00972	14.8	9.6	PF08291.16|Peptidase_M15_3	PFAM:PF08291.16
contig_3	191044	193146	+	BOFHPH_00976	78.6	6.3		SO:0001217, UniRef:UniRef50_Q5LCM8
contig_3	193409	194602	+	BOFHPH_00977	44.9	4.9		SO:0001217, UniRef:UniRef50_Q5LCM7
contig_3	198644	198733	+	BOFHPH_00982	3.3	5.3		
contig_3	202239	202358	-	BOFHPH_00987	4.5	4.9		
contig_3	206612	206869	+	BOFHPH_00991	9.6	10.1		SO:0001217, UniRef:UniRef50_Q8A4Z3
contig_3	206795	207487	-	BOFHPH_00992	27.1	9.8	PF00078.32|RVT_1	PFAM:PF00078.32
contig_3	207661	208149	-	BOFHPH_00993	18.6	9.6		
contig_3	221346	221510	-	BOFHPH_01001	6.3	6.5		
contig_3	223683	223946	-	BOFHPH_01003	9.6	6.8		
contig_3	239204	239383	+	BOFHPH_01021	6.9	9.9		SO:0001217, UniRef:UniRef50_A0A139LGL2
contig_3	241194	241400	-	BOFHPH_01024	7.9	9.1		
contig_3	243244	243339	-	BOFHPH_01028	3.6	4.9		
contig_3	243384	243677	+	BOFHPH_01029	11.3	9.7		
contig_3	243741	243920	-	BOFHPH_01030	7.0	9.6		SO:0001217, UniRef:UniRef50_A0A415PT73
contig_3	244103	245197	-	BOFHPH_01031	43.0	9.7	PF13102.12|Phage_int_SAM_5, PF17293.8|Arm-DNA-bind_5	PFAM:PF13102.12, PFAM:PF17293.8
contig_3	245757	245975	-	BOFHPH_01034	8.4	4.7		SO:0001217, UniRef:UniRef50_I8ZLI4
contig_3	247529	247702	+	BOFHPH_01037	6.4	6.2		
contig_3	290839	291858	+	BOFHPH_01069	38.5	8.2	PF06144.19|DNA_pol3_delta	PFAM:PF06144.19
contig_3	291920	292159	+	BOFHPH_01070	9.5	9.6		
contig_3	293071	293526	+	BOFHPH_01071	17.5	5.2	PF01381.28|HTH_3, PF07022.19|Phage_CI_repr, PF13443.12|HTH_26	PFAM:PF01381.28, PFAM:PF07022.19, PFAM:PF13443.12
contig_3	293489	293629	+	BOFHPH_01072	5.6	6.5		
contig_3	348850	349095	+	BOFHPH_01119	9.4	4.8		
contig_3	349070	349642	+	BOFHPH_01120	21.6	9.4		
contig_3	350345	350692	+	BOFHPH_01121	13.3	5.1		
contig_3	353704	354876	+	BOFHPH_01125	43.8	8.8	PF01061.29|ABC2_membrane	PFAM:PF01061.29
contig_3	361936	362079	-	BOFHPH_01133	5.6	5.6		
contig_3	371548	372786	+	BOFHPH_01139	46.6	5.9	PF00590.25|TP_methylase	PFAM:PF00590.25
contig_3	377404	378006	-	BOFHPH_01143	22.5	6.4		
contig_3	392118	392492	+	BOFHPH_01155	15.3	10.2		SO:0001217, UniRef:UniRef50_A0A396C8L0
contig_3	398109	398729	+	BOFHPH_01160	24.4	9.0		SO:0001217, UniRef:UniRef50_I9V479
contig_3	401538	401678	-	BOFHPH_01164	5.4	10.3		
contig_4	2193	3377	-	BOFHPH_01169	46.0	5.5	PF07221.17|GlcNAc_2-epim	PFAM:PF07221.17
contig_4	26146	26259	-	BOFHPH_01191	4.3	10.2		
contig_4	30883	31959	-	BOFHPH_01197	37.5	5.0	PF12985.13|DUF3869, PF22452.1|BF9343_1606-like_C	PFAM:PF12985.13, PFAM:PF22452.1
contig_4	45990	47546	-	BOFHPH_01209	57.1	8.5	PF06808.19|DctM	PFAM:PF06808.19
contig_4	64352	64627	+	BOFHPH_01224	10.6	4.8	PF00515.34|TPR_1, PF07719.23|TPR_2, PF13174.12|TPR_6, PF13176.12|TPR_7, PF13181.12|TPR_8, PF13414.12|TPR_11, PF13428.12|TPR_14, PF13431.12|TPR_17, PF13432.12|TPR_16, PF14559.12|TPR_19	PFAM:PF00515.34, PFAM:PF07719.23, PFAM:PF13174.12, PFAM:PF13176.12, PFAM:PF13181.12, PFAM:PF13414.12, PFAM:PF13428.12, PFAM:PF13431.12, PFAM:PF13432.12, PFAM:PF14559.12
contig_4	65960	66211	-	BOFHPH_01227	9.7	9.4		
contig_4	76715	78058	-	BOFHPH_01239	49.5	9.9		
contig_4	88288	88836	+	BOFHPH_01247	20.7	9.0		
contig_4	89053	89259	+	BOFHPH_01248	7.6	8.7		SO:0001217, UniRef:UniRef50_I9KK95
contig_4	102199	102435	-	BOFHPH_01259	9.3	9.1	PF13612.12|DDE_Tnp_1_3	PFAM:PF13612.12
contig_4	105010	105171	+	BOFHPH_01261	6.2	9.2	PF13529.12|Peptidase_C39_2	PFAM:PF13529.12
contig_4	158930	160255	+	BOFHPH_01297	48.0	5.3	PF16819.11|DUF5074	PFAM:PF16819.11
contig_4	165640	165744	+	BOFHPH_01303	3.9	5.0		
contig_4	176320	176646	-	BOFHPH_01313	12.2	4.7	PF13657.11|Couple_hipA	PFAM:PF13657.11
contig_4	178587	178685	-	BOFHPH_01317	3.9	6.0		
contig_4	182556	183275	-	BOFHPH_01322	27.8	8.9	PF12919.13|TcdA_TcdB	PFAM:PF12919.13
contig_4	184355	185371	-	BOFHPH_01324	39.6	8.6	PF00852.26|Glyco_transf_10	PFAM:PF00852.26
contig_4	186321	187181	-	BOFHPH_01326	33.3	8.6		
contig_4	189975	190178	-	BOFHPH_01329	7.7	9.6		
contig_4	190201	190416	-	BOFHPH_01330	8.3	9.0		
contig_4	199634	200233	+	BOFHPH_01341	22.9	5.9	PF01420.25|Methylase_S	PFAM:PF01420.25
contig_4	200213	201784	-	BOFHPH_01342	60.2	7.9	PF01420.25|Methylase_S	PFAM:PF01420.25, SO:0001217, UniRef:UniRef50_A0AB34X465
contig_4	207764	208048	-	BOFHPH_01347	11.2	8.8		
contig_4	220166	221410	-	BOFHPH_01355	48.0	8.1	PF02687.27|FtsX	PFAM:PF02687.27
contig_4	250503	250616	+	BOFHPH_01381	4.3	8.1		
contig_4	264027	264539	-	BOFHPH_01391	19.6	5.0		
contig_4	273605	275110	-	BOFHPH_01403	54.6	8.2		
contig_4	277200	277307	+	BOFHPH_01406	4.1	9.4		
contig_4	277297	279108	-	BOFHPH_01407	71.1	7.9	PF00165.29|HTH_AraC, PF00515.34|TPR_1, PF07719.23|TPR_2, PF12833.13|HTH_18, PF13181.12|TPR_8, PF13424.12|TPR_12	PFAM:PF00165.29, PFAM:PF00515.34, PFAM:PF07719.23, PFAM:PF12833.13, PFAM:PF13181.12, PFAM:PF13424.12
contig_4	283294	283482	-	BOFHPH_01413	6.9	10.6		
contig_4	289113	290219	-	BOFHPH_01420	42.0	9.4		
contig_4	291442	292575	-	BOFHPH_01422	43.4	6.1	PF14667.12|Polysacc_synt_C	PFAM:PF14667.12
contig_4	293646	294155	-	BOFHPH_01424	18.6	9.7		
contig_4	294157	295251	-	BOFHPH_01425	42.6	9.0		
contig_4	295263	296339	-	BOFHPH_01426	41.6	8.9	PF13692.12|Glyco_trans_1_4	PFAM:PF13692.12
contig_4	298743	300131	-	BOFHPH_01429	54.0	8.9		
contig_4	300128	301582	-	BOFHPH_01430	55.2	9.0		
contig_4	303522	303686	-	BOFHPH_01433	6.3	9.5		
contig_4	303800	303973	+	BOFHPH_01434	6.6	5.7		
contig_4	307412	309286	+	BOFHPH_01438	69.9	8.8	PF19543.5|GH123_N, PF22680.2|Glyco_hydro_123_N_2	PFAM:PF19543.5, PFAM:PF22680.2
contig_4	309458	310441	+	BOFHPH_01439	37.6	6.4	PF19543.5|GH123_N	PFAM:PF19543.5
contig_4	311474	312559	-	BOFHPH_01441	40.9	4.9		SO:0001217, UniRef:UniRef50_A0A0I9RVV6
contig_4	342663	343220	+	BOFHPH_01464	21.1	9.9	PF06713.17|bPH_4	PFAM:PF06713.17
contig_4	355553	355936	+	BOFHPH_01480	15.0	4.6		SO:0001217, UniRef:UniRef50_C9LE99
contig_4	356970	357563	+	BOFHPH_01483	23.0	5.6		SO:0001217, UniRef:UniRef50_A0A414KX30
contig_4	366634	367956	-	BOFHPH_01494	49.0	9.2		
contig_4	370128	370328	+	BOFHPH_01498	7.4	9.4		SO:0001217, UniRef:UniRef50_A0A413ZSR1
contig_4	370366	370563	-	BOFHPH_01499	7.5	6.0		SO:0001217, UniRef:UniRef50_A0A416G5C3
contig_4	379079	379294	+	BOFHPH_01508	7.4	9.7		
contig_5	52977	54290	-	BOFHPH_01536	49.5	9.9	PF01551.29|Peptidase_M23	PFAM:PF01551.29
contig_5	63333	63773	+	BOFHPH_01545	17.0	10.3		
contig_5	66006	66395	-	BOFHPH_01549	14.2	9.3		
contig_5	66438	66641	-	BOFHPH_01550	8.3	10.3		
contig_5	79504	80244	+	BOFHPH_01562	28.1	9.6		
contig_5	115563	116066	-	BOFHPH_01589	18.1	8.9		
contig_5	116141	119191	-	BOFHPH_01590	112.7	6.5	PF00009.33|GTP_EFTU, PF04760.21|IF2_N, PF11987.13|IF-2, PF22042.2|EF-G_D2	PFAM:PF00009.33, PFAM:PF04760.21, PFAM:PF11987.13, PFAM:PF22042.2
contig_5	141100	142866	-	BOFHPH_01612	67.1	5.8	PF13589.12|HATPase_c_3	PFAM:PF13589.12
contig_5	156775	157656	+	BOFHPH_01624	34.3	9.2	PF00535.33|Glycos_transf_2, PF13641.12|Glyco_tranf_2_3	PFAM:PF00535.33, PFAM:PF13641.12
contig_5	175995	176339	-	BOFHPH_01640	13.4	4.8		
contig_5	177793	177930	-	BOFHPH_01642	5.2	4.5		
contig_5	195660	196430	+	BOFHPH_01654	27.9	6.0	PF00132.30|Hexapep, PF13720.11|Acetyltransf_11, PF25084.1|LbH_EIF2B	PFAM:PF00132.30, PFAM:PF13720.11, PFAM:PF25084.1
contig_5	210077	210451	+	BOFHPH_01668	13.9	9.6		SO:0001217, UniRef:UniRef50_A0A3E5CRD4
contig_5	257638	258396	-	BOFHPH_01708	27.2	5.1	PF14734.12|DUF4469, PF14848.11|HU-DNA_bdg	PFAM:PF14734.12, PFAM:PF14848.11, SO:0001217, UniRef:UniRef50_K5YL43
contig_5	262523	262744	+	BOFHPH_01711	8.6	9.7		
contig_5	272855	273022	-	BOFHPH_01719	6.3	10.3		
contig_5	290743	290868	-	BOFHPH_01738	4.8	5.7		
contig_5	292287	292406	-	BOFHPH_01740	4.4	11.0		
contig_5	293320	294363	-	BOFHPH_01742	39.5	5.2	PF15869.11|TolB_like	PFAM:PF15869.11
contig_5	297497	297796	-	BOFHPH_01747	11.4	8.3		
contig_5	299042	300010	-	BOFHPH_01749	37.5	7.5		
contig_5	299982	300131	-	BOFHPH_01750	5.8	5.6		
contig_5	316365	316763	-	BOFHPH_01762	15.4	9.7	PF06713.17|bPH_4	PFAM:PF06713.17
contig_5	332399	332569	-	BOFHPH_01775	6.7	9.0		
contig_5	332600	332797	-	BOFHPH_01776	7.6	5.0		
contig_6	21983	22129	-	BOFHPH_01794	5.4	9.4		
contig_6	22129	22278	-	BOFHPH_01795	5.5	10.8		
contig_6	29867	30595	+	BOFHPH_01802	27.2	9.6	PF09922.15|LiaF-like_C, PF18917.5|LiaI-LiaF-like_TM1, PF22570.1|LiaF-TM	PFAM:PF09922.15, PFAM:PF18917.5, PFAM:PF22570.1
contig_6	34834	35259	-	BOFHPH_01807	15.8	8.4	PF20203.3|DUF6565	PFAM:PF20203.3
contig_6	48081	48773	-	BOFHPH_01819	26.1	5.0		
contig_6	53793	55280	-	BOFHPH_01823	56.0	5.6		
contig_6	93430	93543	-	BOFHPH_01855	4.6	10.0		
contig_6	95840	95986	-	BOFHPH_01857	5.7	10.0		
contig_6	128061	128507	-	BOFHPH_01880	17.0	4.1		SO:0001217, UniRef:UniRef50_A0A374VEE7
contig_6	140037	140540	+	BOFHPH_01888	19.4	4.9		
contig_6	150028	150408	+	BOFHPH_01897	13.3	4.6		
contig_6	157418	157597	+	BOFHPH_01904	6.8	8.9		
contig_6	219232	219399	-	BOFHPH_01954	6.7	9.6		
contig_6	224967	225632	-	BOFHPH_01960	24.9	6.1	PF00805.28|Pentapeptide, PF13576.12|Pentapeptide_3, PF13599.12|Pentapeptide_4, PF23894.2|LD_SV2	PFAM:PF00805.28, PFAM:PF13576.12, PFAM:PF13599.12, PFAM:PF23894.2
contig_6	245770	245994	+	BOFHPH_01982	8.6	4.6		
contig_6	253742	253855	+	BOFHPH_01990	4.3	9.6		SO:0001217, UniRef:UniRef50_I9VY59
contig_6	264244	265143	+	BOFHPH_02000	34.0	9.6	PF03432.20|Relaxase	PFAM:PF03432.20
contig_6	268187	268834	+	BOFHPH_02004	25.4	7.7		
contig_6	286284	286463	-	BOFHPH_02015	7.0	5.6		
contig_6	291339	292304	+	BOFHPH_02019	36.8	8.6	PF16344.10|FecR_C	PFAM:PF16344.10
contig_6	298475	298573	+	BOFHPH_02023	3.7	10.0		
contig_6	313063	313212	+	BOFHPH_02038	5.8	7.7		
contig_6	314124	314246	+	BOFHPH_02040	4.7	9.8		
contig_6	317284	317406	+	BOFHPH_02044	4.7	9.8		
contig_7	93	332	+	BOFHPH_02062	9.6	5.3		
contig_7	3697	4443	+	BOFHPH_02070	29.3	6.3		
contig_7	21885	22037	+	BOFHPH_02079	5.3	7.7		
contig_7	108017	108385	-	BOFHPH_02140	14.1	9.9		SO:0001217, UniRef:UniRef50_A0AAN4MUN4
contig_7	116006	117151	+	BOFHPH_02149	41.9	5.8	PF02775.26|TPP_enzyme_C, PF02776.23|TPP_enzyme_N	PFAM:PF02775.26, PFAM:PF02776.23
contig_7	117138	118277	+	BOFHPH_02150	42.5	5.5	PF00465.25|Fe-ADH, PF25137.1|ADH_Fe_C	PFAM:PF00465.25, PFAM:PF25137.1
contig_7	118292	119164	+	BOFHPH_02151	34.1	8.5	PF04991.19|LicD	PFAM:PF04991.19
contig_7	132172	132618	+	BOFHPH_02164	15.8	8.8	PF00216.26|Bac_DNA_binding, PF18291.6|HU-HIG	PFAM:PF00216.26, PFAM:PF18291.6
contig_7	144325	146106	+	BOFHPH_02171	68.5	6.5		SO:0001217, UniRef:UniRef50_B3C6L6
contig_7	146109	147482	+	BOFHPH_02172	52.1	5.9	PF03648.19|Glyco_hydro_67N	PFAM:PF03648.19
contig_7	147479	149326	+	BOFHPH_02173	68.6	7.1	PF18099.7|CBM_35_2	PFAM:PF18099.7
contig_7	167546	167680	+	BOFHPH_02188	4.8	8.7		
contig_7	186726	187103	-	BOFHPH_02203	14.6	7.0		SO:0001217, UniRef:UniRef50_I9VZ95
contig_7	221953	222180	-	BOFHPH_02224	8.3	6.3		
contig_7	228198	228311	+	BOFHPH_02229	4.5	4.5		
contig_7	241725	241910	+	BOFHPH_02242	6.9	9.9		
contig_7	241885	242013	+	BOFHPH_02243	4.8	9.4		
contig_7	242877	243800	-	BOFHPH_02245	32.9	8.9	PF04536.20|TPM_phosphatase	PFAM:PF04536.20
contig_7	248520	249200	+	BOFHPH_02251	25.7	9.2		
contig_7	253407	254561	+	BOFHPH_02255	43.1	8.4	PF01613.24|Flavin_Reduct, PF14730.11|DUF4468	PFAM:PF01613.24, PFAM:PF14730.11
contig_7	256351	257004	+	BOFHPH_02258	24.4	4.9		
contig_7	267234	267530	+	BOFHPH_02264	11.2	5.5		
contig_8	3283	4125	+	BOFHPH_02279	29.5	5.9	PF03544.19|TonB_C	PFAM:PF03544.19
contig_8	19977	21503	+	BOFHPH_02294	56.9	6.7		SO:0001217, UniRef:UniRef50_R5I5J3
contig_8	39654	40616	-	BOFHPH_02307	36.3	4.7	PF00515.34|TPR_1, PF07719.23|TPR_2, PF12895.13|ANAPC3, PF13174.12|TPR_6, PF13181.12|TPR_8, PF13371.12|TPR_9, PF13414.12|TPR_11, PF13424.12|TPR_12, PF13428.12|TPR_14, PF13431.12|TPR_17, PF13432.12|TPR_16, PF14559.12|TPR_19, PF23914.1|TPR_CcmH_CycH, PF25062.1|ARM_TT21_N	PFAM:PF00515.34, PFAM:PF07719.23, PFAM:PF12895.13, PFAM:PF13174.12, PFAM:PF13181.12, PFAM:PF13371.12, PFAM:PF13414.12, PFAM:PF13424.12, PFAM:PF13428.12, PFAM:PF13431.12, PFAM:PF13432.12, PFAM:PF14559.12, PFAM:PF23914.1, PFAM:PF25062.1
contig_8	47911	48342	+	BOFHPH_02313	16.3	9.5		
contig_8	48985	49605	+	BOFHPH_02315	24.3	5.3		
contig_8	52036	53568	+	BOFHPH_02320	58.7	9.5		SO:0001217, UniRef:UniRef50_A0A0I9SBF9
contig_8	53565	54416	+	BOFHPH_02321	33.6	9.0		
contig_8	55607	56107	+	BOFHPH_02323	18.4	7.7	PF00132.30|Hexapep, PF14602.12|Hexapep_2	PFAM:PF00132.30, PFAM:PF14602.12
contig_8	56980	57966	+	BOFHPH_02325	38.7	9.2	PF00535.33|Glycos_transf_2, PF13641.12|Glyco_tranf_2_3	PFAM:PF00535.33, PFAM:PF13641.12
contig_8	62673	62798	+	BOFHPH_02331	4.4	4.4		
contig_8	62849	63100	+	BOFHPH_02332	9.8	9.1		
contig_8	63423	63902	+	BOFHPH_02333	16.9	9.3	PF00216.26|Bac_DNA_binding, PF18291.6|HU-HIG	PFAM:PF00216.26, PFAM:PF18291.6
contig_8	74545	75189	+	BOFHPH_02343	24.5	5.8		
contig_8	102218	102442	+	BOFHPH_02361	9.0	5.5		SO:0001217, UniRef:UniRef50_A0A396BLU1
contig_8	102794	103432	+	BOFHPH_02362	24.7	9.0		
contig_8	113965	114249	-	BOFHPH_02374	11.1	10.2		SO:0001217, UniRef:UniRef50_A0A9Q4P7S0
contig_8	114514	114684	-	BOFHPH_02375	6.8	9.6		
contig_8	114715	115026	+	BOFHPH_02376	11.0	8.4		
contig_8	123892	124107	-	BOFHPH_02387	7.0	4.4		
contig_8	136232	136384	+	BOFHPH_02397	6.0	6.5		
contig_8	173471	173659	+	BOFHPH_02425	7.4	9.2		SO:0001217, UniRef:UniRef50_A0A015W6D5
contig_8	177911	178006	+	BOFHPH_02428	3.7	4.1		
contig_8	182593	182691	+	BOFHPH_02432	4.0	10.0		
contig_8	199252	199365	-	BOFHPH_02442	4.5	9.5		
contig_8	199447	199593	-	BOFHPH_02443	5.7	5.7		
contig_8	205434	205946	-	BOFHPH_02446	20.0	9.6	PF16288.11|DUF4934, PF17170.10|DUF5128	PFAM:PF16288.11, PFAM:PF17170.10
contig_8	206046	207221	+	BOFHPH_02447	44.9	6.2		
contig_8	210685	212028	-	BOFHPH_02450	52.6	5.6		
contig_8	212780	213079	-	BOFHPH_02451	10.3	7.5		
contig_8	213152	213346	-	BOFHPH_02452	7.6	9.7		
contig_8	213618	213845	-	BOFHPH_02453	8.8	9.8		
contig_8	214101	215156	+	BOFHPH_02454	41.3	9.9	PF13358.12|DDE_3	PFAM:PF13358.12
contig_8	215191	215922	+	BOFHPH_02455	28.0	6.1	PF05147.19|LANC_like	PFAM:PF05147.19
contig_8	218221	218367	+	BOFHPH_02457	5.7	7.7		
contig_8	218590	218727	+	BOFHPH_02458	5.0	6.5		
contig_8	234502	234639	+	BOFHPH_02469	5.3	4.2		
contig_8	255565	256308	+	BOFHPH_02485	28.6	5.4	PF01643.23|Acyl-ACP_TE, PF20791.3|Acyl-ACP_TE_C	PFAM:PF01643.23, PFAM:PF20791.3
contig_8	256325	256909	+	BOFHPH_02486	21.2	9.2	PF13505.12|OMP_b-brl, PF13568.12|OMP_b-brl_2	PFAM:PF13505.12, PFAM:PF13568.12
contig_8	279331	279456	+	BOFHPH_02508	4.6	4.6		
contig_9	8131	9705	+	BOFHPH_02520	58.2	7.1	PF07715.20|Plug	PFAM:PF07715.20
contig_9	9659	10702	+	BOFHPH_02521	38.4	9.7		
contig_9	25852	27501	+	BOFHPH_02530	63.2	6.2	PF00072.30|Response_reg, PF00165.29|HTH_AraC, PF00512.31|HisKA, PF02518.31|HATPase_c, PF12833.13|HTH_18	PFAM:PF00072.30, PFAM:PF00165.29, PFAM:PF00512.31, PFAM:PF02518.31, PFAM:PF12833.13
contig_9	39560	39658	+	BOFHPH_02537	3.8	4.1		
contig_9	42183	45905	-	BOFHPH_02541	142.2	6.1	PF01420.25|Methylase_S, PF07669.17|Eco57I, PF13588.12|HSDR_N_2	PFAM:PF01420.25, PFAM:PF07669.17, PFAM:PF13588.12
contig_9	47516	47704	+	BOFHPH_02544	7.3	10.3		
contig_9	50033	50251	-	BOFHPH_02547	8.4	8.1		
contig_9	50251	50844	-	BOFHPH_02548	22.8	9.2		
contig_9	51497	51946	-	BOFHPH_02550	16.6	8.6	PF13342.12|Toprim_Crpt	PFAM:PF13342.12
contig_9	65742	67439	-	BOFHPH_02561	66.2	8.5	PF00515.34|TPR_1, PF07719.23|TPR_2, PF13176.12|TPR_7, PF13181.12|TPR_8, PF13424.12|TPR_12, PF17874.7|TPR_MalT	PFAM:PF00515.34, PFAM:PF07719.23, PFAM:PF13176.12, PFAM:PF13181.12, PFAM:PF13424.12, PFAM:PF17874.7, SO:0001217, UniRef:UniRef50_I9BNK2
contig_9	67524	68027	+	BOFHPH_02562	19.3	6.3		
contig_9	121511	121738	+	BOFHPH_02600	8.5	5.2		SO:0001217, UniRef:UniRef50_F7LJ52
contig_9	124656	125093	-	BOFHPH_02604	17.4	10.1	PF13586.12|DDE_Tnp_1_2	PFAM:PF13586.12, SO:0001217, UniRef:UniRef50_F7LJ57
contig_9	125784	126182	+	BOFHPH_02606	15.4	8.4		
contig_9	127601	128080	+	BOFHPH_02609	18.7	6.1		
contig_9	128090	128392	+	BOFHPH_02610	11.1	5.2		
contig_9	130299	130571	+	BOFHPH_02612	9.9	5.1		
contig_9	143567	143707	+	BOFHPH_02625	5.8	9.8		SO:0001217, UniRef:UniRef50_I9BP20
contig_10	22058	22513	+	BOFHPH_02664	17.7	8.6		SO:0001217, UniRef:UniRef50_F3PTF3
contig_10	43752	44162	-	BOFHPH_02678	15.0	5.6		
contig_10	63406	63699	-	BOFHPH_02690	11.3	9.5		
contig_10	63674	63814	-	BOFHPH_02691	5.5	5.1		
contig_10	63890	64048	-	BOFHPH_02692	6.1	8.4		
contig_10	90497	90616	-	BOFHPH_02718	4.8	9.3		
contig_10	99767	100177	-	BOFHPH_02725	15.6	9.5		
contig_10	101411	101755	-	BOFHPH_02727	13.1	6.7		SO:0001217, UniRef:UniRef50_I9SZW5
contig_10	101902	102168	-	BOFHPH_02728	10.0	6.4		
contig_10	114301	114489	+	BOFHPH_02737	6.9	9.9		
contig_10	117768	117920	+	BOFHPH_02742	6.0	9.4		
contig_10	128794	129027	+	BOFHPH_02751	8.8	9.4	PF00165.29|HTH_AraC	PFAM:PF00165.29
contig_10	135261	135806	+	BOFHPH_02757	19.6	8.6		
contig_11	2478	3254	+	BOFHPH_02777	30.3	9.9	PF13102.12|Phage_int_SAM_5	PFAM:PF13102.12
contig_11	23717	23821	-	BOFHPH_02793	3.9	8.3		
contig_11	36205	36477	-	BOFHPH_02800	10.4	4.6		
contig_11	51244	52140	-	BOFHPH_02812	33.4	9.6	PF13472.12|Lipase_GDSL_2	PFAM:PF13472.12
contig_11	73606	73758	+	BOFHPH_02831	6.0	5.2		
contig_11	77499	77675	-	BOFHPH_02839	6.4	10.4	PF00327.25|Ribosomal_L30	PFAM:PF00327.25
contig_11	130157	130276	-	BOFHPH_02901	4.5	6.0		
contig_11	130273	130392	-	BOFHPH_02902	4.4	10.7		
contig_11	137606	137767	+	BOFHPH_02908	6.3	9.4		
contig_11	140987	141079	+	BOFHPH_02911	3.6	8.8		
contig_11	142988	144493	+	BOFHPH_02914	54.9	9.1	PF00037.32|Fer4, PF12797.12|Fer4_2, PF12801.12|Fer4_5, PF12837.12|Fer4_6, PF12838.12|Fer4_7, PF13183.11|Fer4_8, PF13237.11|Fer4_10, PF13484.11|Fer4_16, PF14697.11|Fer4_21	PFAM:PF00037.32, PFAM:PF12797.12, PFAM:PF12801.12, PFAM:PF12837.12, PFAM:PF12838.12, PFAM:PF13183.11, PFAM:PF13237.11, PFAM:PF13484.11, PFAM:PF14697.11
contig_11	151803	152195	-	BOFHPH_02922	14.5	9.4	PF01035.26|DNA_binding_1	PFAM:PF01035.26
contig_12	17096	17821	+	BOFHPH_02943	27.9	9.0		SO:0001217, UniRef:UniRef50_K5Y9L1
contig_12	19645	19980	+	BOFHPH_02948	13.1	9.2	PF01638.23|HxlR	PFAM:PF01638.23
contig_12	21434	21787	+	BOFHPH_02950	13.4	7.7		SO:0001217, UniRef:UniRef50_A0A385BR11
contig_12	21797	22429	+	BOFHPH_02951	24.7	8.5		SO:0001217, UniRef:UniRef50_A0A098RYE3
contig_12	26431	26640	-	BOFHPH_02955	7.8	9.4		
contig_12	43382	43477	-	BOFHPH_02975	3.9	9.2		
contig_12	47793	48509	+	BOFHPH_02979	27.3	5.4		
contig_12	50505	50804	+	BOFHPH_02982	11.3	8.6		
contig_12	50801	52009	+	BOFHPH_02983	46.2	9.3		
contig_12	53361	53927	-	BOFHPH_02985	21.6	8.0		
contig_12	56588	60685	-	BOFHPH_02987	158.0	6.3	PF00271.37|Helicase_C	PFAM:PF00271.37
contig_12	60672	63098	-	BOFHPH_02988	96.2	6.2		SO:0001217, UniRef:UniRef50_A0A9D5WY25
contig_12	66274	67833	-	BOFHPH_02991	59.3	5.8	PF04326.19|SLFN_AlbA_2, PF13749.12|HATPase_c_4	PFAM:PF04326.19, PFAM:PF13749.12
contig_12	67844	68056	-	BOFHPH_02992	8.1	9.7	PF01381.28|HTH_3, PF13443.12|HTH_26	PFAM:PF01381.28, PFAM:PF13443.12
contig_12	68161	68409	-	BOFHPH_02993	9.7	8.5		
contig_12	68545	68841	-	BOFHPH_02994	10.8	9.3		
contig_12	69204	69431	-	BOFHPH_02995	8.1	10.4	PF01661.27|Macro	PFAM:PF01661.27
contig_12	77920	78894	-	BOFHPH_03000	37.5	4.9		SO:0001217, UniRef:UniRef50_A0A4V1L936
contig_12	84167	84274	+	BOFHPH_03006	3.9	7.8		
contig_12	88507	90765	-	BOFHPH_03010	84.0	7.7	PF00999.27|Na_H_Exchanger, PF02080.26|TrkA_C	PFAM:PF00999.27, PFAM:PF02080.26
contig_12	104762	104995	+	BOFHPH_03021	8.7	7.9		SO:0001217, UniRef:UniRef50_Q64QF0
contig_12	112905	115115	-	BOFHPH_03026	83.0	5.0	PF00072.30|Response_reg, PF00512.31|HisKA, PF02518.31|HATPase_c, PF13426.13|PAS_9	PFAM:PF00072.30, PFAM:PF00512.31, PFAM:PF02518.31, PFAM:PF13426.13
contig_12	115112	115378	-	BOFHPH_03027	9.7	9.5		
contig_12	116238	116438	+	BOFHPH_03029	7.4	11.2		
contig_12	123561	123974	+	BOFHPH_03037	15.1	8.9		
contig_12	123879	124082	-	BOFHPH_03038	7.2	6.0		
contig_12	125460	125564	-	BOFHPH_03041	4.0	5.8		
contig_13	6561	7730	+	BOFHPH_03047	43.4	4.6	PF00072.30|Response_reg	PFAM:PF00072.30
contig_13	21744	22556	+	BOFHPH_03059	30.7	5.2		SO:0001217, UniRef:UniRef50_I9V3D5
contig_13	23192	23428	+	BOFHPH_03061	8.8	9.1		SO:0001217, UniRef:UniRef50_A0A6I0SHJ6
contig_13	23440	23946	+	BOFHPH_03062	19.4	8.8		SO:0001217, UniRef:UniRef50_Q64S30
contig_13	23953	24291	+	BOFHPH_03063	12.7	7.7		SO:0001217, UniRef:UniRef50_I9AQQ5
contig_13	28157	28246	-	BOFHPH_03068	3.3	9.2		
contig_13	32306	32434	+	BOFHPH_03073	4.3	4.1		
contig_13	35725	36477	+	BOFHPH_03076	27.3	7.6	PF02872.23|5_nucleotid_C	PFAM:PF02872.23
contig_13	50794	51366	-	BOFHPH_03091	22.7	9.2		
contig_13	61400	62692	-	BOFHPH_03104	50.6	9.7		
contig_13	62698	63384	-	BOFHPH_03105	25.7	9.1		
contig_13	66192	67283	-	BOFHPH_03109	42.3	9.6	PF01757.29|Acyl_transf_3	PFAM:PF01757.29
contig_13	69407	69685	-	BOFHPH_03112	10.6	10.8		
contig_13	70120	71571	+	BOFHPH_03113	54.0	6.0	PF08800.15|BT4734-like_N	PFAM:PF08800.15
contig_13	71568	72494	+	BOFHPH_03114	34.5	8.7		
contig_13	72747	72995	-	BOFHPH_03115	9.7	9.1		
contig_13	101011	102558	+	BOFHPH_03142	54.7	6.5	PF00089.32|Trypsin, PF00595.29|PDZ, PF12812.13|PDZ_1, PF13180.12|PDZ_2, PF13365.12|Trypsin_2, PF17820.7|PDZ_6	PFAM:PF00089.32, PFAM:PF00595.29, PFAM:PF12812.13, PFAM:PF13180.12, PFAM:PF13365.12, PFAM:PF17820.7
contig_13	111564	111767	-	BOFHPH_03151	7.6	5.2		
contig_13	111989	112111	-	BOFHPH_03152	4.6	7.8		
contig_14	99	344	-	BOFHPH_03153	9.2	5.1	PF00076.28|RRM_1	PFAM:PF00076.28
contig_14	4257	4502	+	BOFHPH_03156	8.6	4.5	PF02823.21|ATP-synt_DE_N	PFAM:PF02823.21
contig_14	4533	4961	+	BOFHPH_03157	16.6	9.1		
contig_14	23748	23951	-	BOFHPH_03173	7.3	9.0		
contig_14	29897	30064	-	BOFHPH_03180	6.2	6.9		
contig_14	30093	30254	-	BOFHPH_03181	6.1	8.3		SO:0001217, UniRef:UniRef50_A0A9Q4JEE5
contig_14	32690	32818	+	BOFHPH_03184	5.0	9.2		
contig_14	33585	34358	+	BOFHPH_03185	28.9	4.8	PF00717.28|Peptidase_S24	PFAM:PF00717.28
contig_14	35715	36869	-	BOFHPH_03187	45.2	5.2	PF08867.16|FRG	PFAM:PF08867.16
contig_14	36892	39057	-	BOFHPH_03188	83.4	5.0	PF00515.34|TPR_1, PF07719.23|TPR_2, PF12895.13|ANAPC3, PF13424.12|TPR_12	PFAM:PF00515.34, PFAM:PF07719.23, PFAM:PF12895.13, PFAM:PF13424.12
contig_14	39321	39524	-	BOFHPH_03189	7.4	9.6		
contig_14	40028	40762	-	BOFHPH_03190	29.0	4.6		
contig_14	41187	41462	-	BOFHPH_03191	10.7	9.2		SO:0001217, UniRef:UniRef50_A0A060RAD3
contig_14	41508	41813	-	BOFHPH_03192	11.8	7.7		
contig_14	42260	42562	-	BOFHPH_03193	12.1	9.9		
contig_14	42591	43205	-	BOFHPH_03194	23.3	5.9		
contig_14	43220	43573	-	BOFHPH_03195	13.9	8.0		
contig_14	44454	46802	+	BOFHPH_03196	88.0	5.5	PF13342.12|Toprim_Crpt	PFAM:PF13342.12
contig_14	46808	47392	+	BOFHPH_03197	23.1	5.6		
contig_14	49645	50061	-	BOFHPH_03199	15.3	9.3		
contig_14	50088	50789	-	BOFHPH_03200	27.2	6.2	PF01381.28|HTH_3, PF12844.13|HTH_19, PF13443.12|HTH_26	PFAM:PF01381.28, PFAM:PF12844.13, PFAM:PF13443.12
contig_14	52397	52849	+	BOFHPH_03202	17.5	4.1	PF08989.15|DUF1896	PFAM:PF08989.15
contig_14	52987	53355	-	BOFHPH_03203	14.3	5.5		
contig_14	53352	53978	-	BOFHPH_03204	24.2	8.3	PF08843.17|AbiEii	PFAM:PF08843.17
contig_14	54945	55067	+	BOFHPH_03206	4.8	9.4		
contig_14	55168	55308	+	BOFHPH_03207	5.4	4.9		
contig_14	55295	61474	+	BOFHPH_03208	232.2	5.4	PF00271.37|Helicase_C, PF07669.17|Eco57I	PFAM:PF00271.37, PFAM:PF07669.17
contig_14	62485	63027	+	BOFHPH_03210	20.9	10.1		
contig_14	64991	65329	-	BOFHPH_03213	13.2	7.7	PF12728.13|HTH_17	PFAM:PF12728.13
contig_14	68067	68606	-	BOFHPH_03216	19.9	6.5	PF01872.23|RibD_C	PFAM:PF01872.23
contig_14	68941	69798	-	BOFHPH_03217	33.9	5.7		
contig_14	70290	72053	-	BOFHPH_03218	67.8	5.6		
contig_14	72062	72283	-	BOFHPH_03219	8.4	5.2	PF24737.1|DUF7688	PFAM:PF24737.1
contig_14	72346	72540	-	BOFHPH_03220	7.6	9.1		
contig_14	72783	73043	-	BOFHPH_03221	10.1	7.7		
contig_14	73762	80409	+	BOFHPH_03222	259.7	6.2		
contig_14	80413	80991	+	BOFHPH_03223	22.3	6.3		
contig_14	81007	81603	+	BOFHPH_03224	23.1	5.4		
contig_14	83161	83529	+	BOFHPH_03228	14.2	9.1		
contig_14	83831	83926	-	BOFHPH_03229	3.7	8.1		
contig_14	83928	84095	-	BOFHPH_03230	6.6	9.9		
contig_14	84120	85259	-	BOFHPH_03231	44.8	9.0	PF04055.27|Radical_SAM	PFAM:PF04055.27
contig_14	85283	85930	-	BOFHPH_03232	24.9	9.2	PF00990.26|GGDEF	PFAM:PF00990.26
contig_14	86661	87356	+	BOFHPH_03233	25.5	7.7		
contig_14	87498	87914	-	BOFHPH_03234	16.2	4.8		
contig_14	87925	88185	-	BOFHPH_03235	10.0	6.1		
contig_14	88361	88522	+	BOFHPH_03236	6.3	4.9		
contig_14	88732	89022	-	BOFHPH_03237	10.7	9.5		
contig_14	89049	89357	-	BOFHPH_03238	11.8	9.2		
contig_14	89401	89637	-	BOFHPH_03239	9.3	6.1	PF18824.6|LPD11	PFAM:PF18824.6
contig_14	90394	90615	-	BOFHPH_03241	8.4	8.8		
contig_14	90896	91006	+	BOFHPH_03242	4.3	9.2		
contig_14	91020	92231	+	BOFHPH_03243	47.0	8.8		
contig_14	92249	93091	-	BOFHPH_03244	32.6	7.7		
contig_14	97587	97694	-	BOFHPH_03246	4.3	9.3		
contig_14	99733	99978	+	BOFHPH_03249	9.5	8.7		SO:0001217, UniRef:UniRef50_D7J9B9
contig_14	100022	100351	+	BOFHPH_03250	12.7	9.7		
contig_14	105847	106905	-	BOFHPH_03257	40.7	9.9	PF13102.12|Phage_int_SAM_5	PFAM:PF13102.12
contig_15	31803	32042	+	BOFHPH_03278	9.2	5.5	PF04542.20|Sigma70_r2	PFAM:PF04542.20
contig_15	32151	33221	+	BOFHPH_03279	41.6	6.5	PF01055.32|Glyco_hydro_31_2nd	PFAM:PF01055.32
contig_15	33270	34388	+	BOFHPH_03280	42.5	7.1	PF01055.32|Glyco_hydro_31_2nd, PF21365.3|Glyco_hydro_31_3rd	PFAM:PF01055.32, PFAM:PF21365.3
contig_15	38078	38248	-	BOFHPH_03283	6.4	10.1		
contig_15	39284	40180	-	BOFHPH_03284	35.1	10.3		
contig_15	46698	46886	-	BOFHPH_03291	7.0	9.7		
contig_15	64169	64621	-	BOFHPH_03316	16.9	5.1		
contig_15	94184	94945	+	BOFHPH_03333	28.6	7.0	PF01656.29|CbiA, PF09140.17|MipZ, PF13614.12|AAA_31	PFAM:PF01656.29, PFAM:PF09140.17, PFAM:PF13614.12
contig_15	96691	97008	+	BOFHPH_03337	10.8	9.7		SO:0001217, UniRef:UniRef50_A0A401M1H3
contig_15	100297	100524	+	BOFHPH_03341	8.3	9.6		
contig_16	82	447	+	BOFHPH_03342	14.4	5.7		
contig_16	12168	12410	+	BOFHPH_03352	8.7	8.3		
contig_16	13829	14074	+	BOFHPH_03354	9.5	5.4		
contig_16	16586	16726	+	BOFHPH_03357	5.7	4.6		
contig_16	26966	27247	-	BOFHPH_03368	10.4	5.0	PF03992.22|ABM	PFAM:PF03992.22
contig_16	33728	33970	-	BOFHPH_03373	9.0	7.9		
contig_16	54278	54463	+	BOFHPH_03384	7.0	5.2		
contig_16	57263	57403	-	BOFHPH_03387	5.1	4.1		
contig_16	70894	70992	-	BOFHPH_03398	3.9	6.5		
contig_16	90975	91121	-	BOFHPH_03416	5.5	9.2		
contig_16	91565	91867	+	BOFHPH_03417	11.6	9.2		
contig_17	32121	32693	+	BOFHPH_03439	22.4	8.7		
contig_17	39780	39920	-	BOFHPH_03445	5.4	4.9		
contig_17	55714	55884	+	BOFHPH_03457	5.8	4.1	PF00037.32|Fer4, PF12797.12|Fer4_2, PF12798.12|Fer4_3, PF12800.12|Fer4_4, PF12837.12|Fer4_6, PF12838.12|Fer4_7, PF13183.11|Fer4_8, PF13237.11|Fer4_10, PF13484.11|Fer4_16, PF13534.11|Fer4_17	PFAM:PF00037.32, PFAM:PF12797.12, PFAM:PF12798.12, PFAM:PF12800.12, PFAM:PF12837.12, PFAM:PF12838.12, PFAM:PF13183.11, PFAM:PF13237.11, PFAM:PF13484.11, PFAM:PF13534.11
contig_17	84759	84890	+	BOFHPH_03477	5.1	11.3		
contig_18	4638	5021	-	BOFHPH_03482	15.1	5.8		SO:0001217, UniRef:UniRef50_E6SSH0
contig_18	33293	33964	-	BOFHPH_03501	25.2	5.0		
contig_18	37877	38029	-	BOFHPH_03505	6.0	9.7		
contig_18	38526	39758	-	BOFHPH_03507	48.4	8.2	PF13439.12|Glyco_transf_4, PF13692.12|Glyco_trans_1_4	PFAM:PF13439.12, PFAM:PF13692.12
contig_18	42178	42285	-	BOFHPH_03512	4.2	9.4		
contig_18	46977	47090	-	BOFHPH_03516	4.1	6.5		
contig_18	47178	47360	-	BOFHPH_03517	7.3	7.9		
contig_18	49224	49445	-	BOFHPH_03519	8.6	4.5		
contig_18	53795	54940	-	BOFHPH_03523	42.2	8.1	PF16288.11|DUF4934, PF17170.10|DUF5128	PFAM:PF16288.11, PFAM:PF17170.10
contig_18	82436	82621	-	BOFHPH_03546	6.8	9.8		
contig_19	3620	4327	-	BOFHPH_03550	27.1	9.2		
contig_19	32055	33095	+	BOFHPH_03579	39.7	5.6	PF23916.1|TIM-barrel_EndoS	PFAM:PF23916.1
contig_19	35514	35834	-	BOFHPH_03582	12.2	4.5		SO:0001217, UniRef:UniRef50_A0A015VYG3
contig_19	39386	39559	-	BOFHPH_03586	6.5	9.3		SO:0001217, UniRef:UniRef50_I9B851
contig_19	71612	72721	-	BOFHPH_03610	42.9	8.9		
contig_19	73668	74864	-	BOFHPH_03612	46.7	9.4	PF13439.12|Glyco_transf_4, PF13692.12|Glyco_trans_1_4	PFAM:PF13439.12, PFAM:PF13692.12
contig_19	74872	75807	-	BOFHPH_03613	36.1	9.0	PF00535.33|Glycos_transf_2	PFAM:PF00535.33
contig_19	75794	77158	-	BOFHPH_03614	51.6	9.4		
contig_19	79077	79760	-	BOFHPH_03617	26.0	5.6	PF16363.11|GDP_Man_Dehyd	PFAM:PF16363.11
contig_20	226	840	+	BOFHPH_03618	21.1	8.8	PF13004.13|BACON	PFAM:PF13004.13
contig_20	1641	1952	+	BOFHPH_03620	10.9	9.7		
contig_20	1960	2286	+	BOFHPH_03621	12.5	10.1		
contig_20	5262	6047	+	BOFHPH_03624	29.3	5.5		
contig_20	8188	9201	+	BOFHPH_03627	37.1	5.9	PF12508.14|Transposon_TraM	PFAM:PF12508.14
contig_20	10924	11241	+	BOFHPH_03630	12.2	9.3		
contig_20	11225	11476	+	BOFHPH_03631	10.0	9.3		
contig_20	12602	12961	+	BOFHPH_03633	13.6	5.9		
contig_20	13005	13256	+	BOFHPH_03634	9.8	9.1		
contig_20	13425	15053	+	BOFHPH_03635	63.6	5.1		
contig_20	15676	16263	+	BOFHPH_03636	23.1	6.7		
contig_20	16569	16781	+	BOFHPH_03637	8.6	9.8		
contig_20	16765	17040	+	BOFHPH_03638	10.4	4.8		
contig_20	17061	17528	+	BOFHPH_03639	18.4	8.8		
contig_20	17715	18056	+	BOFHPH_03640	13.1	6.6		
contig_20	18056	18241	+	BOFHPH_03641	7.4	9.7		
contig_20	18531	18869	+	BOFHPH_03643	13.3	5.2		
contig_20	18893	19204	+	BOFHPH_03644	12.6	4.7		SO:0001217, UniRef:UniRef50_A0A5N0LC23
contig_20	19240	19686	+	BOFHPH_03645	17.6	6.3	PF20600.3|ExoX-like_C	PFAM:PF20600.3
contig_20	19715	19882	-	BOFHPH_03646	6.7	6.2		
contig_20	21263	22063	+	BOFHPH_03648	30.9	6.9		
contig_20	22216	23109	-	BOFHPH_03649	34.6	6.1		
contig_20	25321	25491	-	BOFHPH_03651	6.9	10.0		
contig_20	25573	26184	+	BOFHPH_03652	23.6	5.3		SO:0001217, UniRef:UniRef50_A0AAE6K893
contig_20	30045	31823	+	BOFHPH_03657	67.2	6.4	PF00270.35|DEAD, PF05127.20|Helicase_RecD, PF13086.12|AAA_11, PF13087.12|AAA_12, PF13245.12|AAA_19, PF13604.12|AAA_30	PFAM:PF00270.35, PFAM:PF05127.20, PFAM:PF13086.12, PFAM:PF13087.12, PFAM:PF13245.12, PFAM:PF13604.12, SO:0001217, UniRef:UniRef50_R7F0A9
contig_20	32038	32145	-	BOFHPH_03658	4.0	4.1		
contig_20	34172	34702	+	BOFHPH_03661	20.2	8.7		SO:0001217, UniRef:UniRef50_A0A016A3L7
contig_20	35538	36860	+	BOFHPH_03663	49.8	6.2	PF01640.23|Peptidase_C10	PFAM:PF01640.23
contig_20	36941	37570	-	BOFHPH_03664	23.8	9.4		
contig_20	37990	38106	-	BOFHPH_03665	4.8	6.8		
contig_20	40621	40740	-	BOFHPH_03668	4.6	10.6		
contig_20	51023	52759	-	BOFHPH_03674	65.9	5.0	PF13475.11|DUF4116	PFAM:PF13475.11
contig_20	58724	60367	-	BOFHPH_03677	60.8	5.2	PF13475.11|DUF4116	PFAM:PF13475.11
contig_20	62001	62204	-	BOFHPH_03679	8.1	4.3		
contig_20	64291	64527	-	BOFHPH_03681	8.9	9.1		
contig_20	64535	65353	-	BOFHPH_03682	30.7	7.7	PF00142.24|Fer4_NifH, PF01656.29|CbiA, PF02374.21|ArsA_ATPase, PF06564.18|CBP_BcsQ, PF09140.17|MipZ, PF13614.12|AAA_31	PFAM:PF00142.24, PFAM:PF01656.29, PFAM:PF02374.21, PFAM:PF06564.18, PFAM:PF09140.17, PFAM:PF13614.12
contig_20	66496	67080	+	BOFHPH_03684	23.4	8.2		
contig_20	69839	70063	-	BOFHPH_03687	8.5	4.3		
contig_20	71045	71545	+	BOFHPH_03689	19.6	6.1		
contig_20	71558	72313	+	BOFHPH_03690	28.8	5.2		
contig_21	38456	38617	-	BOFHPH_03723	6.3	7.7		
contig_21	38862	39170	+	BOFHPH_03724	11.9	9.8		
contig_21	44015	44359	-	BOFHPH_03733	13.7	4.8		
contig_21	44405	44962	-	BOFHPH_03734	21.9	4.6		SO:0001217, UniRef:UniRef50_A0A0I9S9K6
contig_21	45012	45380	-	BOFHPH_03735	14.2	4.7		
contig_21	45459	45812	-	BOFHPH_03736	14.0	4.1	PF24832.1|DUF7716	PFAM:PF24832.1, SO:0001217, UniRef:UniRef50_A0A927MRA9
contig_21	45889	46188	-	BOFHPH_03737	11.6	5.2	PF13181.12|TPR_8	PFAM:PF13181.12
contig_21	66416	66733	-	BOFHPH_03748	12.4	5.3		SO:0001217, UniRef:UniRef50_D1JMQ3
contig_22	6734	7327	-	BOFHPH_03764	22.5	10.2		
contig_22	7343	7564	-	BOFHPH_03765	8.3	6.7	PF24737.1|DUF7688	PFAM:PF24737.1, SO:0001217, UniRef:UniRef50_Q5LGB7
contig_22	8036	8281	-	BOFHPH_03767	9.3	4.2	PF22273.1|DUF6956	PFAM:PF22273.1
contig_22	11387	11602	-	BOFHPH_03774	7.8	10.7		
contig_22	12572	13162	-	BOFHPH_03775	22.6	5.1	PF08448.16|PAS_4	PFAM:PF08448.16
contig_22	20216	22165	-	BOFHPH_03779	73.7	5.3	PF07980.17|SusD_RagB, PF14322.12|SusD-like_3	PFAM:PF07980.17, PFAM:PF14322.12
contig_22	34975	36045	+	BOFHPH_03790	40.5	8.4	PF00578.27|AhpC-TSA, PF08534.16|Redoxin, PF13905.12|Thioredoxin_8	PFAM:PF00578.27, PFAM:PF08534.16, PFAM:PF13905.12
contig_22	56291	56605	+	BOFHPH_03806	12.1	6.8		
contig_23	22169	22459	+	BOFHPH_03842	10.6	5.9		
contig_23	22914	23147	-	BOFHPH_03844	9.6	9.4		
contig_23	23230	23595	+	BOFHPH_03845	13.8	6.2		
contig_23	29545	29694	+	BOFHPH_03852	6.0	9.6		
contig_23	38480	38668	-	BOFHPH_03860	7.1	9.7		
contig_23	42314	42442	+	BOFHPH_03863	4.9	9.9		
contig_24	10252	10464	-	BOFHPH_03893	7.8	10.3		
contig_24	17855	19114	-	BOFHPH_03900	45.9	8.5	PF13568.12|OMP_b-brl_2	PFAM:PF13568.12
contig_24	55668	55883	+	BOFHPH_03930	8.6	10.1		
contig_25	1878	2207	-	BOFHPH_03940	12.3	9.7		
contig_25	2736	3362	-	BOFHPH_03942	23.4	5.4	PF19762.4|DUF6249	PFAM:PF19762.4
contig_25	12273	12677	-	BOFHPH_03949	15.4	8.6		
contig_25	12802	13077	-	BOFHPH_03950	9.9	9.4		SO:0001217, UniRef:UniRef50_A0A0E2AZL0
contig_25	27011	27214	+	BOFHPH_03963	7.3	5.4		
contig_25	49390	49935	-	BOFHPH_03985	21.1	5.8	PF13302.13|Acetyltransf_3, PF13420.13|Acetyltransf_4, PF13508.13|Acetyltransf_7	PFAM:PF13302.13, PFAM:PF13420.13, PFAM:PF13508.13
contig_25	50981	51121	+	BOFHPH_03987	4.9	12.0		SO:0001217, UniRef:UniRef50_U6R7Q4
contig_25	53364	55523	-	BOFHPH_03991	83.0	7.9	PF05272.17|VapE-like_dom, PF08800.15|BT4734-like_N	PFAM:PF05272.17, PFAM:PF08800.15, SO:0001217, UniRef:UniRef50_Q5L9R8
contig_25	55595	55987	-	BOFHPH_03992	15.4	9.0		SO:0001217, UniRef:UniRef50_I9K7X7
contig_26	725	877	+	BOFHPH_03996	5.9	10.4		
contig_26	6241	6990	+	BOFHPH_04000	29.1	4.9	PF14322.12|SusD-like_3	PFAM:PF14322.12
contig_26	7066	7860	+	BOFHPH_04001	30.2	5.1	PF07980.17|SusD_RagB	PFAM:PF07980.17
contig_26	30749	32650	+	BOFHPH_04018	71.6	6.7	PF00085.26|Thioredoxin, PF08534.16|Redoxin, PF13098.12|Thioredoxin_2, PF13905.12|Thioredoxin_8	PFAM:PF00085.26, PFAM:PF08534.16, PFAM:PF13098.12, PFAM:PF13905.12
contig_26	36507	36719	-	BOFHPH_04023	8.2	5.1		
contig_26	40550	40792	+	BOFHPH_04027	9.1	9.3		
contig_26	41290	41511	+	BOFHPH_04028	8.5	9.9		
contig_26	48776	49012	+	BOFHPH_04039	9.3	5.7		
contig_26	51252	52652	-	BOFHPH_04042	53.9	9.6	PF01479.30|S4, PF13275.11|S4_2	PFAM:PF01479.30, PFAM:PF13275.11
contig_27	1405	1782	-	BOFHPH_04047	14.3	5.4	PF07366.18|SnoaL, PF12680.13|SnoaL_2	PFAM:PF07366.18, PFAM:PF12680.13
contig_27	12577	13341	+	BOFHPH_04053	28.3	8.9		SO:0001217, UniRef:UniRef50_U6RB45
contig_27	42455	43219	-	BOFHPH_04076	28.3	8.9		SO:0001217, UniRef:UniRef50_U6RB45
contig_27	54014	54391	+	BOFHPH_04082	14.3	5.4	PF07366.18|SnoaL, PF12680.13|SnoaL_2	PFAM:PF07366.18, PFAM:PF12680.13
contig_28	12764	12946	+	BOFHPH_04093	7.0	10.6		
contig_28	15877	16161	+	BOFHPH_04096	10.9	8.8		
contig_28	25853	26305	+	BOFHPH_04103	18.4	8.9		
contig_28	26318	26686	+	BOFHPH_04104	14.1	6.1		
contig_28	26921	27331	+	BOFHPH_04105	15.9	9.8	PF12728.13|HTH_17	PFAM:PF12728.13
contig_28	37524	37715	-	BOFHPH_04114	7.3	4.1		SO:0001217, UniRef:UniRef50_F7M0L1
contig_28	37712	37939	-	BOFHPH_04115	8.3	5.0		
contig_28	41999	42154	-	BOFHPH_04121	5.9	6.8		
contig_28	52776	53363	+	BOFHPH_04129	21.9	4.1		
contig_28	53382	53600	+	BOFHPH_04130	7.6	9.9		
contig_29	7428	7526	+	BOFHPH_04135	3.8	6.5		
contig_29	9117	9521	+	BOFHPH_04137	15.8	5.9		SO:0001217, UniRef:UniRef50_A0A449I3I3
contig_29	36253	37089	+	BOFHPH_04163	32.6	8.3	PF00535.33|Glycos_transf_2	PFAM:PF00535.33
contig_29	37091	38074	+	BOFHPH_04164	38.3	8.7		
contig_30	7582	8202	-	BOFHPH_04184	24.2	8.5		SO:0001217, UniRef:UniRef50_I9V479
contig_30	10540	10932	+	BOFHPH_04187	14.6	5.0		SO:0001217, UniRef:UniRef50_I9VHM2
contig_30	14157	15125	+	BOFHPH_04191	33.6	4.5		
contig_30	21609	22712	+	BOFHPH_04198	39.9	4.8		
contig_30	29568	29972	-	BOFHPH_04202	15.3	8.8		
contig_30	36833	37207	-	BOFHPH_04209	13.9	4.8	PF11325.14|DUF3127	PFAM:PF11325.14
contig_31	22183	22587	+	BOFHPH_04237	15.1	4.1		
contig_31	28190	28759	+	BOFHPH_04241	20.2	5.5	PF13505.12|OMP_b-brl, PF13568.12|OMP_b-brl_2	PFAM:PF13505.12, PFAM:PF13568.12
contig_32	2500	2697	-	BOFHPH_04259	7.1	8.8		
contig_32	18352	18528	+	BOFHPH_04268	6.7	9.2		
contig_33	19685	19891	-	BOFHPH_04300	7.7	10.8		
contig_33	20163	20630	+	BOFHPH_04301	17.8	9.5		SO:0001217, UniRef:UniRef50_A0A396BV30
contig_33	20755	21717	+	BOFHPH_04302	37.2	8.4	PF07661.19|MORN_2	PFAM:PF07661.19
contig_34	19541	20305	-	BOFHPH_04328	27.4	4.9	PF14734.12|DUF4469, PF14848.11|HU-DNA_bdg	PFAM:PF14734.12, PFAM:PF14848.11, SO:0001217, UniRef:UniRef50_K5YL43
contig_34	23888	25540	+	BOFHPH_04331	61.9	5.3		
contig_34	33065	33352	+	BOFHPH_04337	11.2	9.5		
contig_34	34093	34203	+	BOFHPH_04339	4.1	10.3		
contig_35	2924	3793	+	BOFHPH_04342	32.5	6.0		
contig_35	14141	14413	+	BOFHPH_04350	9.4	9.8	PF00216.26|Bac_DNA_binding, PF18291.6|HU-HIG	PFAM:PF00216.26, PFAM:PF18291.6
contig_35	28437	28823	+	BOFHPH_04359	14.8	5.6		
contig_35	31837	32022	+	BOFHPH_04363	7.2	6.8		
contig_36	130	768	-	BOFHPH_04365	24.4	9.6		SO:0001217, UniRef:UniRef50_E6SWB1
contig_36	17035	17460	+	BOFHPH_04378	15.6	6.0		SO:0001217, UniRef:UniRef50_Q64QC4
contig_37	132	455	+	BOFHPH_04389	11.7	4.7		
contig_37	608	1747	+	BOFHPH_04390	44.6	6.3	PF17170.10|DUF5128	PFAM:PF17170.10
contig_37	1744	2298	+	BOFHPH_04391	21.4	5.5		
contig_37	10674	11183	-	BOFHPH_04400	19.4	7.8	PF03938.19|OmpH	PFAM:PF03938.19
contig_37	18195	18605	+	BOFHPH_04406	14.9	9.8		
contig_37	21275	21508	+	BOFHPH_04412	9.0	9.6		
contig_37	21505	21750	+	BOFHPH_04413	9.3	4.3	PF22273.1|DUF6956	PFAM:PF22273.1
contig_37	22146	22391	-	BOFHPH_04415	9.6	10.3		
contig_38	7574	8122	+	BOFHPH_04433	21.0	8.7		
contig_38	10088	10681	+	BOFHPH_04435	22.6	9.4		
contig_38	10689	10910	+	BOFHPH_04436	8.2	6.1	PF24737.1|DUF7688	PFAM:PF24737.1
contig_38	13560	14021	-	BOFHPH_04440	17.7	4.4		
contig_39	11816	11947	+	BOFHPH_04459	4.9	10.2		
contig_39	18877	19188	+	BOFHPH_04467	10.7	9.5		SO:0001217, UniRef:UniRef50_A0A401M1H3
contig_39	22487	22714	+	BOFHPH_04471	8.2	9.4		
contig_40	18968	21457	+	BOFHPH_04480	93.1	6.6	PF14498.12|Glyco_hyd_65N_2, PF21307.2|Glyco_hydro_95_C, PF22124.2|Glyco_hydro_95_cat	PFAM:PF14498.12, PFAM:PF21307.2, PFAM:PF22124.2, SO:0001217, UniRef:UniRef50_D3IEI9
contig_41	10850	11047	-	BOFHPH_04489	7.4	5.6		
contig_41	20134	20343	-	BOFHPH_04500	8.0	8.7		
contig_42	7144	7302	-	BOFHPH_04504	6.4	10.1		
contig_43	2641	2751	+	BOFHPH_04510	4.3	10.2		
contig_45	4923	5102	+	BOFHPH_04530	7.3	10.0		
contig_45	10685	11206	-	BOFHPH_04537	20.0	9.1		SO:0001217, UniRef:UniRef50_D6CX66
contig_46	7769	8551	-	BOFHPH_04544	29.4	4.6		SO:0001217, UniRef:UniRef50_A0AAP9NE27
contig_49	1074	1487	+	BOFHPH_04566	15.8	9.3	PF20240.3|DUF6597	PFAM:PF20240.3
contig_49	5377	5577	+	BOFHPH_04572	7.0	4.5		SO:0001217, UniRef:UniRef50_A0A415SFC0
contig_49	5544	5657	-	BOFHPH_04573	4.3	4.1		
contig_49	6244	6774	+	BOFHPH_04575	20.7	6.7		
contig_50	5205	5393	+	BOFHPH_04584	6.9	9.1		
contig_51	45	188	+	BOFHPH_04585	5.9	10.1		
contig_52	1897	2982	+	BOFHPH_04589	41.8	9.9		
contig_53	324	506	-	BOFHPH_04590	7.2	7.8		
contig_53	2244	2348	+	BOFHPH_04592	4.0	4.5		
contig_61	252	455	+	BOFHPH_04601	7.0	8.0		
contig_84	62	271	+	BOFHPH_04605	7.6	4.2	PF02863.23|Arg_repressor_C	PFAM:PF02863.23
contig_89	15	251	+	BOFHPH_04606	9.2	11.5		
contig_128	10	210	-	BOFHPH_04609	8.4	5.8		
